"uid","firstname","middlename","lastname","birth_date","Gender"
1,"Anthony","Robert","Forsythe","6/22/1993","Male"
15,"James","Aiden","Smith","8/12/1980","Male"
16,"John","Anton","Johnson","9/10/1980","Male"
17,"Robert","Aubrey","Williams","2/20/1981","Male"
18,"Michael","Avery","Brown","9/1/1982","Male"
19,"William","Bailey","Jones","10/18/1982","Male"
20,"David","Bennett","Miller","10/31/1983","Male"
21,"Richard","Blair","Davis","4/9/1985","Male"
22,"Joseph","Braiden","Garcia","5/5/1989","Male"
23,"Charles","Brendon","Rodriguez","5/6/1989","Male"
24,"Thomas","Brett","Wilson","8/24/1989","Male"
25,"Christopher","Brian","Martinez","12/11/1991","Male"
26,"Daniel","Bryce","Anderson","9/14/1992","Male"
27,"Matthew","Byron","Taylor","2/23/1994","Male"
28,"Donald","Carson","Thomas","7/17/1994","Male"
29,"Anthony","Chance","Hernandez","9/18/1994","Male"
30,"Mark","Charles","Moore","10/4/1994","Male"
31,"Paul","Chase","Martin","6/4/1995","Male"
32,"Steven","Claude","Jackson","6/23/1995","Male"
33,"George","Clinton","Thompson","1/24/1996","Male"
34,"Kenneth","Colten","White","3/22/1996","Male"
35,"Andrew","Conrad","Lopez","8/11/1996","Male"
36,"Edward","Craig","Lee","11/21/1998","Male"
37,"Joshua","Cullen","Gonzalez","9/19/1999","Male"
38,"Brian","Damon","Harris","1/27/2000","Male"
39,"Kevin","Dante","Clark","7/14/2001","Male"
40,"Ronald","Dawson","Lewis","11/26/1980","Male"
41,"Timothy","Dayton","Robinson","9/20/1982","Male"
42,"Jason","Denver","Walker","10/20/1983","Male"
43,"Jeffrey","Denzel","Perez","1/23/1984","Male"
44,"Ryan","Dillon","Hall","8/11/1984","Male"
45,"Gary","Drake","Young","9/26/1984","Male"
46,"Nicholas","Dwayne","Allen","2/13/1985","Male"
47,"Eric","Edwin","Sanchez","6/24/1985","Male"
48,"Jacob","Ellis","Wright","7/30/1985","Male"
49,"Stephen","Emmett","King","1/23/1986","Male"
50,"Jonathan","Ethan","Scott","4/1/1987","Male"
51,"Larry","Francis","Green","10/6/1988","Male"
52,"Frank","Garrett","Baker","11/11/1989","Male"
53,"Scott","Glenn","Adams","5/27/1990","Male"
54,"Justin","Grant","Nelson","1/29/1991","Male"
55,"Brandon","Holden","Hill","12/2/1991","Male"
56,"Raymond","Houston","Ramirez","7/28/1993","Male"
57,"Gregory","Hyrum","Campbell","4/12/1994","Male"
58,"Samuel","Ivan","Mitchell","8/19/1994","Male"
59,"Benjamin","Jace","Roberts","3/23/1995","Male"
60,"Patrick","Jackson","Carter","8/7/1997","Male"
61,"Jack","Jade","Phillips","10/17/1997","Male"
62,"Dennis","Jarrett","Evans","2/10/1998","Male"
63,"Alexander","Juan","Turner","7/22/1999","Male"
64,"Jerry","Justin","Torres","4/7/2000","Male"
65,"Tyler","Keaton","Parker","1/21/1980","Male"
66,"Henry","Kelton","Collins","4/16/1981","Male"
67,"Douglas","Layne","Edwards","9/23/1981","Male"
68,"Aaron","Layton","Stewart","12/12/1981","Male"
69,"Peter","Lincoln","Flores","11/16/1982","Male"
70,"Jose","Louis","Morris","3/8/1983","Male"
71,"Walter","Lyle","Nguyen","8/10/1985","Male"
72,"Adam","Malcolm","Murphy","1/29/1986","Male"
73,"Zachary","Marshall","Rivera","10/10/1986","Male"
74,"Nathan","Mitchell","Cook","10/20/1986","Male"
75,"Harold","Myron","Rogers","2/21/1987","Male"
76,"Kyle","Noah","Morgan","5/26/1988","Male"
77,"Carl","Noel","Peterson","10/1/1989","Male"
78,"Arthur","Owen","Cooper","2/21/1993","Male"
79,"Gerald","Payton","Reed","2/17/1994","Male"
80,"Roger","Peyton","Bailey","4/6/1994","Male"
81,"Keith","Preston","Bell","11/12/1994","Male"
82,"Lawrence","Quinn","Gomez","12/2/1994","Male"
83,"Jeremy","Quintin","Kelly","1/26/1996","Male"
84,"Terry","Randall","Howard","5/8/1996","Male"
85,"Albert","Reese","Ward","11/10/1997","Male"
86,"Joe","Rhett","Cox","2/7/1998","Male"
87,"Sean","Riley","Diaz","12/10/1999","Male"
88,"Willie","River","Richardson","2/2/2001","Male"
89,"Christian","Rory","Wood","12/10/2001","Male"
90,"Jesse","Ryder","Watson","2/26/1981","Male"
91,"Austin","Sawyer","Brooks","9/23/1982","Male"
92,"Billy","Sean","Bennett","9/18/1983","Male"
93,"Bruce","Seth","Gray","8/24/1985","Male"
94,"Ralph","Shane","James","1/8/1986","Male"
95,"Bryan","Tilton","Reyes","1/18/1986","Male"
96,"Ethan","Shelton","Cruz","1/15/1987","Male"
97,"Roy","Stewart","Hughes","6/30/1987","Male"
98,"Eugene","Tanner","Price","1/24/1988","Male"
99,"Jordan","Taylor","Myers","2/4/1989","Male"
100,"Louis","Thomas","Long","12/7/1989","Male"
101,"Wayne","Trevor","Foster","8/1/1992","Male"
102,"Alan","Trenton","Sanders","11/16/1992","Male"
103,"Harry","Tristan","Ross","12/14/1992","Male"
104,"Russell","Tyrone","Morales","7/29/1993","Male"
105,"Juan","Tyson","Powell","6/28/1994","Male"
106,"Dylan","Vernon","Sullivan","3/6/1995","Male"
107,"Randy","Wade","Russell","11/19/1995","Male"
108,"Philip","Randall","Ortiz","9/14/1996","Male"
109,"Vincent","Wesley","Jenkins","5/23/1997","Male"
110,"Noah","Weston","Gutierrez","8/1/1997","Male"
111,"Bobby","Wilson","Perry","10/19/1997","Male"
112,"Howard","Winston","Butler","1/8/1998","Male"
113,"Gabriel","Zachariah","Barnes","2/8/2001","Male"
114,"Johnny","Aaron","Fisher","2/28/2001","Male"
115,"Mary","Belle","Henderson","3/28/1980","Female"
116,"Patricia","Chelle","Coleman","4/13/1981","Female"
117,"Jennifer","Claire","Simmons","3/19/1982","Female"
118,"Elizabeth","Dawn","Patterson","11/15/1982","Female"
119,"Linda","Elle","Jordan","3/11/1983","Female"
120,"Barbara","Eve","Reynolds","4/6/1983","Female"
121,"Susan","Faye","Hamilton","10/26/1983","Female"
122,"Margaret","Fia","Graham","2/21/1986","Female"
123,"Jessica","Fleur","Kim","7/24/1986","Female"
124,"Sarah","Gail","Gonzales","12/14/1986","Female"
125,"Dorothy","Greer","Alexander","2/13/1987","Female"
126,"Karen","Gwen","Ramos","7/13/1987","Female"
127,"Nancy","Jane","Wallace","12/13/1988","Female"
128,"Betty","Jean","Griffin","3/8/1989","Female"
129,"Lisa","Jill","West","4/21/1990","Female"
130,"Sandra","Jo","Cole","6/18/1990","Female"
131,"Ashley","June","Hayes","8/4/1990","Female"
132,"Kimberly","Kate","Chavez","4/5/1991","Female"
133,"Donna","Lark","Gibson","5/11/1992","Female"
134,"Helen","Maeve","Bryant","10/11/1992","Female"
135,"Carol","Neve","Ellis","1/4/1993","Female"
136,"Michelle","Paige","Stevens","6/27/1994","Female"
137,"Emily","Quinn","Murray","3/20/1995","Female"
138,"Amanda","Ruth","Ford","5/20/1998","Female"
139,"Melissa","Sage","Marshall","11/27/2001","Female"
140,"Deborah","Shay","Owens","4/20/1980","Female"
141,"Laura","Skye","Mcdonald","9/8/1980","Female"
142,"Stephanie","Tess","Harrison","12/2/1980","Female"
143,"Rebecca","Wynne","Ruiz","11/25/1981","Female"
144,"Sharon","Wren","Kennedy","7/11/1982","Female"
145,"Cynthia","Adair","Wells","9/27/1982","Female"
146,"Kathleen","Alice","Alvarez","9/12/1985","Female"
147,"Anna","Anna","Woods","9/23/1986","Female"
148,"Shirley","Aubrey","Mendoza","8/24/1988","Female"
149,"Ruth","Audrey","Castillo","5/3/1989","Female"
150,"Amy","Bria","Olson","12/8/1990","Female"
151,"Angela","Bridget","Webb","3/13/1991","Female"
152,"Brenda","Cerise","Washington","3/21/1991","Female"
153,"Virginia","Clara","Tucker","5/9/1992","Female"
154,"Pamela","Cora","Freeman","10/10/1992","Female"
155,"Catherine","Corinne","Burns","12/29/1992","Female"
156,"Katherine","Dara","Henry","3/29/1994","Female"
157,"Nicole","Darlene","Vasquez","5/30/1994","Female"
158,"Christine","Denise","Snyder","8/11/1994","Female"
159,"Samantha","Flora","Simpson","12/13/1995","Female"
160,"Janet","Giselle","Crawford","2/2/1996","Female"
161,"Debra","Hannah","Jimenez","7/6/1997","Female"
162,"Carolyn","Iris","Porter","1/22/1998","Female"
163,"Rachel","Ivy","Mason","6/4/1999","Female"
164,"Heather","Kali","Shaw","7/19/1999","Female"
165,"Maria","Lila","Gordon","4/20/1980","Female"
166,"Diane","Lily","Wagner","10/28/1982","Female"
167,"Julie","Lola","Hunter","5/15/1983","Female"
168,"Joyce","Lyra","Romero","8/14/1983","Female"
169,"Emma","Lyric","Hicks","12/2/1986","Female"
170,"Frances","Maxine","Dixon","12/30/1986","Female"
171,"Evelyn","Mercy","Hunt","5/24/1987","Female"
172,"Joan","Mia","Palmer","8/8/1987","Female"
173,"Martha","Mila","Robertson","10/15/1987","Female"
174,"Christina","Morgan","Black","3/22/1988","Female"
175,"Kelly","Nora","Holmes","9/26/1989","Female"
176,"Lauren","Ruby","Stone","4/23/1990","Female"
177,"Victoria","Sarai","Meyer","7/12/1992","Female"
178,"Judith","Sidney","Boyd","7/28/1992","Female"
179,"Alice","Simone","Mills","12/10/1992","Female"
180,"Ann","Siobhan","Warren","11/11/1994","Female"
181,"Cheryl","Stella","Fox","5/7/1996","Female"
182,"Jean","Zoe","Rose","5/19/1996","Female"
183,"Doris","Alana","Rice","7/8/1998","Female"
184,"Megan","Alexia","Moreno","8/8/1998","Female"
185,"Marie","Amina","Schmidt","12/19/1998","Female"
186,"Andrea","Amity","Patel","9/1/1999","Female"
187,"Kathryn","Danita","Ferguson","4/9/2000","Female"
188,"Jacqueline","Diana","Nichols","10/6/2000","Female"
189,"Gloria","Eliza","Herrera","8/22/2001","Female"
190,"Teresa","Evelyn","Medina","3/31/1980","Female"
191,"Sara","Gillian","Ryan","7/10/1980","Female"
192,"Janice","Imogen","Fernandez","8/26/1982","Female"
193,"Hannah","Larissa","Weaver","12/24/1983","Female"
194,"Julia","Lorena","Daniels","2/26/1985","Female"
195,"Rose","Malia","Stephens","3/6/1986","Female"
196,"Theresa","Marisol","Gardner","1/11/1988","Female"
197,"Grace","Miranda","Payne","2/21/1988","Female"
198,"Judy","Melody","Kelley","3/28/1990","Female"
199,"Beverly","Muriel","Dunn","5/20/1990","Female"
200,"Olivia","Natalie","Pierce","3/23/1991","Female"
201,"Denise","Natalia","Arnold","12/27/1991","Female"
202,"Marilyn","Paloma","Tran","8/3/1993","Female"
203,"Amber","Penelope","Spencer","10/29/1993","Female"
204,"Danielle","Ramona","Peters","8/11/1994","Female"
205,"Brittany","Rhiannon","Hawkins","6/16/1995","Female"
206,"Diana","Riona","Grant","7/4/1996","Female"
207,"Mildred","Rosemary","Hansen","5/2/1997","Female"
208,"Jane","Serena","Castro","11/21/1997","Female"
209,"Madison","Talia","Hoffman","2/25/1998","Female"
210,"Lori","Tiara","Hart","5/20/1999","Female"
211,"Tiffany","Valerie","Elliott","10/4/2000","Female"
212,"Kathy","Veronica","Cunningham","12/24/2000","Female"
213,"Tammy","Violet","Knight","1/6/2001","Female"
214,"Kayla","Vivian","Bradley","6/2/2001","Female"
