"username","email"
"forsythetony","arfv2b@mail.missouri.edu"
"google","google@google.com"
"microsoft","hr@microsoft.com"
"linkedin","hr@linkedin.com"
"dell","hr@dell.com"
"apple","hr@apple.com"
"hp","hr@hp.com"
"intel","hr@intel.com"
"adobe","hr@adobe.com"
"facebook","hr@facebook.com"
"cocacola","hr@cocacola.com"
"twitter","hr@twitter"
"ibm","hr@ibm.com"
"starbucks","hr@starbucks.com"
"jamess5460","jamess5460@outlook.com"
"john.johnson25","john.johnson25@mail.missouri.edu"
"raw2213","raw2213@outlook.com"
"michaelb2671","michaelb2671@hotmail.com"
"williamj9334","williamj9334@mail.missouri.edu"
"davidm3749","davidm3749@mail.missouri.edu"
"rbd738","rbd738@outlook.com"
"jbg6028","jbg6028@hotmail.com"
"charlesr5648","charlesr5648@mail.missouri.edu"
"tbw9422","tbw9422@mail.missouri.edu"
"christopherm6307","christopherm6307@hotmail.com"
"daniela3663","daniela3663@outlook.com"
"mbt7231","mbt7231@outlook.com"
"donaldt5676","donaldt5676@mail.missouri.edu"
"anthonyh5752","anthonyh5752@mail.missouri.edu"
"mcm1561","mcm1561@mail.missouri.edu"
"paulm367","paulm367@mail.missouri.edu"
"stevenj4409","stevenj4409@outlook.com"
"gct89","gct89@outlook.com"
"kennethw2365","kennethw2365@outlook.com"
"andrewl7662","andrewl7662@hotmail.com"
"ecl1861","ecl1861@mail.missouri.edu"
"jcg5900","jcg5900@outlook.com"
"bdh3794","bdh3794@gmail.com"
"kevin.clark60","kevin.clark60@gmail.com"
"ronald.lewis95","ronald.lewis95@hotmail.com"
"timothy.robinson11","timothy.robinson11@gmail.com"
"jdw3546","jdw3546@gmail.com"
"jeffrey.perez99","jeffrey.perez99@gmail.com"
"rdh5845","rdh5845@gmail.com"
"gary.young84","gary.young84@mail.missouri.edu"
"nicholas.allen16","nicholas.allen16@outlook.com"
"eric.sanchez52","eric.sanchez52@outlook.com"
"jacobw9294","jacobw9294@hotmail.com"
"sek9357","sek9357@outlook.com"
"jonathan.scott17","jonathan.scott17@gmail.com"
"larry.green39","larry.green39@gmail.com"
"fgb3652","fgb3652@gmail.com"
"scotta4157","scotta4157@hotmail.com"
"justin.nelson9","justin.nelson9@outlook.com"
"bhh9645","bhh9645@hotmail.com"
"raymondr285","raymondr285@outlook.com"
"gregory.campbell1","gregory.campbell1@mail.missouri.edu"
"samuelm1013","samuelm1013@mail.missouri.edu"
"benjaminr1791","benjaminr1791@hotmail.com"
"pjc9356","pjc9356@outlook.com"
"jack.phillips95","jack.phillips95@gmail.com"
"dennise969","dennise969@gmail.com"
"alexander.turner28","alexander.turner28@hotmail.com"
"jerry.torres77","jerry.torres77@hotmail.com"
"tylerp7373","tylerp7373@outlook.com"
"henry.collins31","henry.collins31@gmail.com"
"dle7957","dle7957@hotmail.com"
"als299","als299@hotmail.com"
"plf4804","plf4804@outlook.com"
"jlm4116","jlm4116@mail.missouri.edu"
"waltern4020","waltern4020@outlook.com"
"amm3927","amm3927@outlook.com"
"zmr61","zmr61@gmail.com"
"nathan.cook70","nathan.cook70@hotmail.com"
"haroldr7577","haroldr7577@hotmail.com"
"kyle.morgan46","kyle.morgan46@hotmail.com"
"cnp5015","cnp5015@gmail.com"
"arthurc9906","arthurc9906@hotmail.com"
"gpr5922","gpr5922@outlook.com"
"roger.bailey22","roger.bailey22@outlook.com"
"kpb1937","kpb1937@hotmail.com"
"lawrence.gomez47","lawrence.gomez47@gmail.com"
"jeremy.kelly84","jeremy.kelly84@mail.missouri.edu"
"terry.howard59","terry.howard59@outlook.com"
"albert.ward41","albert.ward41@hotmail.com"
"joec2959","joec2959@mail.missouri.edu"
"seand9160","seand9160@gmail.com"
"willie.richardson92","willie.richardson92@mail.missouri.edu"
"christian.wood23","christian.wood23@gmail.com"
"jrw9698","jrw9698@outlook.com"
"austin.brooks10","austin.brooks10@gmail.com"
"bsb3267","bsb3267@hotmail.com"
"bsg748","bsg748@outlook.com"
"ralphj8114","ralphj8114@mail.missouri.edu"
"bryan.reyes29","bryan.reyes29@mail.missouri.edu"
"ethan.cruz94","ethan.cruz94@mail.missouri.edu"
"royh4469","royh4469@gmail.com"
"eugene.price76","eugene.price76@outlook.com"
"jordan.myers64","jordan.myers64@gmail.com"
"louisl6385","louisl6385@gmail.com"
"wayne.foster52","wayne.foster52@hotmail.com"
"alan.sanders87","alan.sanders87@gmail.com"
"harry.ross97","harry.ross97@outlook.com"
"russellm9369","russellm9369@outlook.com"
"juan.powell29","juan.powell29@gmail.com"
"dylans1501","dylans1501@gmail.com"
"randyr2046","randyr2046@mail.missouri.edu"
"philipo7854","philipo7854@gmail.com"
"vwj6847","vwj6847@mail.missouri.edu"
"noah.gutierrez56","noah.gutierrez56@hotmail.com"
"bobbyp8687","bobbyp8687@gmail.com"
"howardb7303","howardb7303@gmail.com"
"gabriel.barnes14","gabriel.barnes14@mail.missouri.edu"
"johnnyf5643","johnnyf5643@outlook.com"
"mbh46","mbh46@gmail.com"
"patriciac8983","patriciac8983@gmail.com"
"jcs112","jcs112@mail.missouri.edu"
"edp9516","edp9516@gmail.com"
"lej9996","lej9996@gmail.com"
"ber3948","ber3948@hotmail.com"
"susan.hamilton87","susan.hamilton87@mail.missouri.edu"
"margaretg5817","margaretg5817@mail.missouri.edu"
"jessicak2515","jessicak2515@hotmail.com"
"sgg5735","sgg5735@mail.missouri.edu"
"dorothy.alexander14","dorothy.alexander14@gmail.com"
"karen.ramos71","karen.ramos71@gmail.com"
"nancy.wallace89","nancy.wallace89@hotmail.com"
"bjg3783","bjg3783@hotmail.com"
"ljw8408","ljw8408@outlook.com"
"sandra.cole36","sandra.cole36@mail.missouri.edu"
"ashleyh4319","ashleyh4319@hotmail.com"
"kkc5314","kkc5314@gmail.com"
"donnag9044","donnag9044@gmail.com"
"helenb8501","helenb8501@outlook.com"
"carol.ellis90","carol.ellis90@outlook.com"
"michelle.stevens77","michelle.stevens77@hotmail.com"
"emily.murray43","emily.murray43@mail.missouri.edu"
"amanda.ford96","amanda.ford96@gmail.com"
"melissa.marshall30","melissa.marshall30@outlook.com"
"dso5955","dso5955@hotmail.com"
"lsm7949","lsm7949@mail.missouri.edu"
"stephanie.harrison54","stephanie.harrison54@outlook.com"
"rebecca.ruiz78","rebecca.ruiz78@mail.missouri.edu"
"sharonk1151","sharonk1151@outlook.com"
"cynthiaw3625","cynthiaw3625@outlook.com"
"kaa7187","kaa7187@outlook.com"
"aaw9805","aaw9805@outlook.com"
"shirleym5026","shirleym5026@hotmail.com"
"ruth.castillo6","ruth.castillo6@outlook.com"
"amyo6577","amyo6577@mail.missouri.edu"
"angela.webb74","angela.webb74@outlook.com"
"brendaw4112","brendaw4112@hotmail.com"
"virginia.tucker43","virginia.tucker43@hotmail.com"
"pamela.freeman61","pamela.freeman61@mail.missouri.edu"
"ccb8162","ccb8162@hotmail.com"
"katherine.henry31","katherine.henry31@outlook.com"
"nicole.vasquez38","nicole.vasquez38@gmail.com"
"christine.snyder95","christine.snyder95@gmail.com"
"samanthas9839","samanthas9839@hotmail.com"
"jgc1717","jgc1717@hotmail.com"
"debra.jimenez30","debra.jimenez30@mail.missouri.edu"
"cip2614","cip2614@mail.missouri.edu"
"rachelm7555","rachelm7555@mail.missouri.edu"
"heather.shaw39","heather.shaw39@hotmail.com"
"maria.gordon96","maria.gordon96@outlook.com"
"dianew8282","dianew8282@outlook.com"
"julie.hunter53","julie.hunter53@hotmail.com"
"jlr6950","jlr6950@hotmail.com"
"emma.hicks60","emma.hicks60@gmail.com"
"fmd2799","fmd2799@gmail.com"
"evelynh4456","evelynh4456@outlook.com"
"joanp3162","joanp3162@hotmail.com"
"martha.robertson8","martha.robertson8@gmail.com"
"christina.black11","christina.black11@outlook.com"
"kelly.holmes63","kelly.holmes63@outlook.com"
"lrs9244","lrs9244@hotmail.com"
"vsm4191","vsm4191@hotmail.com"
"jsb7165","jsb7165@mail.missouri.edu"
"asm3505","asm3505@hotmail.com"
"annw1365","annw1365@mail.missouri.edu"
"csf7114","csf7114@outlook.com"
"jean.rose37","jean.rose37@gmail.com"
"doris.rice24","doris.rice24@mail.missouri.edu"
"megan.moreno54","megan.moreno54@outlook.com"
"maries8686","maries8686@outlook.com"
"aap277","aap277@mail.missouri.edu"
"kdf5114","kdf5114@gmail.com"
"jacquelinen7274","jacquelinen7274@hotmail.com"
"geh7217","geh7217@gmail.com"
"teresam5465","teresam5465@mail.missouri.edu"
"sarar2868","sarar2868@gmail.com"
"janicef1408","janicef1408@hotmail.com"
"hannahw4419","hannahw4419@hotmail.com"
"jld8841","jld8841@outlook.com"
"rose.stephens81","rose.stephens81@gmail.com"
"theresa.gardner37","theresa.gardner37@gmail.com"
"grace.payne67","grace.payne67@outlook.com"
"jmk1808","jmk1808@gmail.com"
"beverlyd7173","beverlyd7173@mail.missouri.edu"
"onp7417","onp7417@hotmail.com"
"denisea2682","denisea2682@gmail.com"
"marilyn.tran56","marilyn.tran56@hotmail.com"
"aps7920","aps7920@gmail.com"
"daniellep6823","daniellep6823@hotmail.com"
"brh3091","brh3091@mail.missouri.edu"
"diana.grant17","diana.grant17@outlook.com"
"mrh4831","mrh4831@mail.missouri.edu"
"jsc8235","jsc8235@mail.missouri.edu"
"madisonh5042","madisonh5042@outlook.com"
"lorih8398","lorih8398@outlook.com"
"tve5522","tve5522@mail.missouri.edu"
"kathyc5474","kathyc5474@mail.missouri.edu"
"tammyk2738","tammyk2738@hotmail.com"
"kayla.bradley11","kayla.bradley11@mail.missouri.edu"
