"Image URL","Gender"
"http://i.imgur.com/Kh6zmTS.jpg","male"
"http://i.imgur.com/LG5X95m.jpg","female"
"http://i.imgur.com/1j2oBMl.jpg","female"
"http://i.imgur.com/vOo1kLq.jpg","female"
"http://i.imgur.com/6LHu2wI.jpg","female"
"http://i.imgur.com/cJ3cQFS.jpg","female"
"http://i.imgur.com/czPbMd3.jpg","female"
"http://i.imgur.com/6Erjdns.jpg","female"
"http://i.imgur.com/hpMHYL1.jpg","female"
"http://i.imgur.com/qGQU1vf.jpg","female"
"http://i.imgur.com/4X5zdqO.jpg","female"
"http://i.imgur.com/1zqTIPX.jpg","female"
"http://i.imgur.com/o05jXIm.jpg","female"
"http://i.imgur.com/ajeRHOt.jpg","female"
"http://i.imgur.com/BTAGW7P.jpg","female"
"http://i.imgur.com/pA1EAgj.jpg","female"
"http://i.imgur.com/bTc2G5y.jpg","female"
"http://i.imgur.com/6c4t5FX.jpg","female"
"http://i.imgur.com/75woPYG.jpg","female"
"http://i.imgur.com/yt7MQKo.jpg","female"
"http://i.imgur.com/cmqxJ5v.jpg","female"
"http://i.imgur.com/A4QBgJx.jpg","female"
"http://i.imgur.com/6Mo2OyH.jpg","female"
"http://i.imgur.com/Yvtto4q.jpg","female"
"http://i.imgur.com/Ga4WBof.jpg","female"
"http://i.imgur.com/46yB10T.jpg","female"
"http://i.imgur.com/9nPudu3.jpg","female"
"http://i.imgur.com/kJ7SaKx.jpg","female"
"http://i.imgur.com/HiGukzA.jpg","female"
